

SET SQL_MODE = "NO_AUTO_VALUE_ON_ZERO";
SET time_zone = "+00:00";


/*!40101 SET @OLD_CHARACTER_SET_CLIENT=@@CHARACTER_SET_CLIENT */;
/*!40101 SET @OLD_CHARACTER_SET_RESULTS=@@CHARACTER_SET_RESULTS */;
/*!40101 SET @OLD_COLLATION_CONNECTION=@@COLLATION_CONNECTION */;
/*!40101 SET NAMES utf8 */;

--
-- Database: `test`
--

-- --------------------------------------------------------

--
-- Table structure for table `employees`
--

CREATE TABLE IF NOT EXISTS `employees` (
  `employeeNumber` int(11) NOT NULL AUTO_INCREMENT,
  `lastName` varchar(50) CHARACTER SET latin1 NOT NULL,
  `firstName` varchar(50) CHARACTER SET latin1 NOT NULL,
  `extension` varchar(10) CHARACTER SET latin1 NOT NULL,
  `email` varchar(100) CHARACTER SET latin1 NOT NULL,
  `officeCode` varchar(10) CHARACTER SET latin1 NOT NULL,
  `file_url` varchar(250) NOT NULL,
  `jobTitle` varchar(50) CHARACTER SET latin1 NOT NULL,
  PRIMARY KEY (`employeeNumber`)
) ENGINE=InnoDB  DEFAULT CHARSET=utf8 AUTO_INCREMENT=1;

--
-- Dumping data for table `employees`
--

INSERT INTO `employees` (`employeeNumber`, `lastName`, `firstName`, `extension`, `email`, `officeCode`, `file_url`, `jobTitle`) VALUES
(1002, 'Murphy', 'Diane', 'x5800', 'dmurphy@classicmodelcars.com', '1', '', 'President'),
(1056, 'Patterson', 'Mary', 'x4611', 'mpatterso@classicmodelcars.com', '1', '', 'VP Sales'),
(1076, 'Firrelli', 'Jeff', 'x9273', 'jfirrelli@classicmodelcars.com', '1', '', 'VP Marketing'),
(1088, 'Patterson', 'William', 'x4871', 'wpatterson@classicmodelcars.com', '6', '', 'Sales Manager (APAC)'),
(1102, 'Bondur', 'Gerard', 'x5408', 'gbondur@classicmodelcars.com', '4', 'pdftest.pdf', 'Sale Manager (EMEA)'),
(1143, 'Bow', 'Anthony', 'x5428', 'abow@classicmodelcars.com', '1', '', 'Sales Manager (NA)'),
(1165, 'Jennings', 'Leslie', 'x3291', 'ljennings@classicmodelcars.com', '1', '', 'Sales Rep'),
(1166, 'Thompson', 'Leslie', 'x4065', 'lthompson@classicmodelcars.com', '1', '', 'Sales Rep'),
(1188, 'Firrelli', 'Julie', 'x2173', 'jfirrelli@classicmodelcars.com', '2', 'test-2.pdf', 'Sales Rep'),
(1216, 'Patterson', 'Steve', 'x4334', 'spatterson@classicmodelcars.com', '2', '', 'Sales Rep'),
(1286, 'Tseng', 'Foon Yue', 'x2248', 'ftseng@classicmodelcars.com', '3', '', 'Sales Rep'),
(1323, 'Vanauf', 'George', 'x4102', 'gvanauf@classicmodelcars.com', '3', '', 'Sales Rep'),
(1337, 'Bondur', 'Loui', 'x6493', 'lbondur@classicmodelcars.com', '4', '', 'Sales Rep'),
(1370, 'Hernandez', 'Gerard', 'x2028', 'ghernande@classicmodelcars.com', '4', '', 'Sales Rep'),
(1401, 'Castillo', 'Pamela', 'x2759', 'pcastillo@classicmodelcars.com', '4', '', 'Sales Rep'),
(1501, 'Bott', 'Larry', 'x2311', 'lbott@classicmodelcars.com', '7', '', 'Sales Rep'),
(1504, 'Jones', 'Barry', 'x102', 'bjones@classicmodelcars.com', '7', '', 'Sales Rep'),
(1611, 'Fixter', 'Andy', 'x101', 'afixter@classicmodelcars.com', '6', '', 'Sales Rep'),
(1612, 'Marsh', 'Peter', 'x102', 'pmarsh@classicmodelcars.com', '6', '', 'Sales Rep'),
(1619, 'King', 'Tom', 'x103', 'tking@classicmodelcars.com', '6', '', 'Sales Rep'),
(1621, 'Nishi', 'Mami', 'x101', 'mnishi@classicmodelcars.com', '5', '', 'Sales Rep'),
(1625, 'Kato', 'Yoshimi', 'x102', 'ykato@classicmodelcars.com', '5', '', 'Sales Rep'),
(1702, 'Gerard', 'Martin', 'x2312', 'mgerard@classicmodelcars.com', '4', '', 'Sales Rep');

-- --------------------------------------------------------

--
-- Table structure for table `offices`
--

CREATE TABLE IF NOT EXISTS `offices` (
  `officeCode` int(10) NOT NULL AUTO_INCREMENT,
  `city` varchar(50) CHARACTER SET latin1 NOT NULL,
  `phone` varchar(50) CHARACTER SET latin1 NOT NULL,
  `addressLine1` varchar(50) CHARACTER SET latin1 NOT NULL,
  `addressLine2` varchar(50) CHARACTER SET latin1 DEFAULT NULL,
  `state` varchar(50) CHARACTER SET latin1 DEFAULT NULL,
  `country` varchar(50) CHARACTER SET latin1 NOT NULL,
  `postalCode` varchar(15) CHARACTER SET latin1 NOT NULL,
  `territory` varchar(10) CHARACTER SET latin1 NOT NULL,
  PRIMARY KEY (`officeCode`)
) ENGINE=InnoDB  DEFAULT CHARSET=utf8 AUTO_INCREMENT=1 ;

--
-- Dumping data for table `offices`
--

INSERT INTO `offices` (`officeCode`, `city`, `phone`, `addressLine1`, `addressLine2`, `state`, `country`, `postalCode`, `territory`) VALUES
(1, 'San Francisco', '+1 650 219 4782', '100 Market Street', 'Suite 300', 'CA', 'USA', '94080', 'NA'),
(2, 'Boston', '+1 215 837 0825', '1550 Court Place', 'Suite 102', 'MA', 'USA', '02107', 'NA'),
(3, 'NYC', '+1 212 555 3000', '523 East 53rd Street', 'apt. 5A', 'NY', 'USA', '10022', 'NA'),
(4, 'Paris', '+33 14 723 4404', '43 Rue Jouffroy D', '', '', 'France', '75017', 'EMEA'),
(5, 'Tokyo', '+81 33 224 5000', '4-1 Kioicho', NULL, 'Chiyoda-Ku', 'Japan', '102-8578', 'Japan'),
(6, 'Sydney', '+61 2 9264 2451', '5-11 Wentworth Avenue', 'Floor #2', NULL, 'Australia', 'NSW 2010', 'APAC'),
(7, 'London', '+44 20 7877 2041', '25 Old Broad Street', 'Level 7', NULL, 'UK', 'EC2N 1HN', 'EMEA');

-- --------------------------------------------------------

--
-- Table structure for table `songs`
--

CREATE TABLE IF NOT EXISTS `songs` (
  `id` int(11) NOT NULL AUTO_INCREMENT,
  `artist` varchar(255) DEFAULT NULL,
  `title` varchar(255) DEFAULT NULL,
  `time` int(6) NOT NULL,
  PRIMARY KEY (`id`)
) ENGINE=MyISAM  DEFAULT CHARSET=latin1 AUTO_INCREMENT=1 ;

--
-- Dumping data for table `songs`
--

INSERT INTO `songs` (`id`, `artist`, `title`, `time`) VALUES
(2, 'Lincoln Center Jazz Orchestra', 'C Jam Blues', 3),
(3, 'Lincoln Center Jazz Orchestra', 'Harlem Air Shaft', 4);

/*!40101 SET CHARACTER_SET_CLIENT=@OLD_CHARACTER_SET_CLIENT */;
/*!40101 SET CHARACTER_SET_RESULTS=@OLD_CHARACTER_SET_RESULTS */;
/*!40101 SET COLLATION_CONNECTION=@OLD_COLLATION_CONNECTION */;
